{
  "project_info": {
    "project_number": "513549843028",
    "project_id": "final-year-project-4f3fd",
    "storage_bucket": "final-year-project-4f3fd.firebasestorage.app"
  },
  "client": [
    {
      "client_info": {
        "mobilesdk_app_id": "1:513549843028:android:1e68fdec9c40edeeafcbc1",
        "android_client_info": {
          "package_name": "com.example.finalyearproject"
        }
      },
      "oauth_client": [
        {
          "client_id": "513549843028-rmlt5is7e8itc711f47g36k0rkl7lv9k.apps.googleusercontent.com",
          "client_type": 3
        }
      ],
      "api_key": [
        {
          "current_key": "AIzaSyBUcOOB0u9Ae6oa0mw-TIIIfEGew5XeQB8"
        }
      ],
      "services": {
        "appinvite_service": {
          "other_platform_oauth_client": [
            {
              "client_id": "513549843028-rmlt5is7e8itc711f47g36k0rkl7lv9k.apps.googleusercontent.com",
              "client_type": 3
            }
          ]
        }
      }
    }
  ],
  "configuration_version": "1"
}